{"cameraMode":{"drawMode":0,"name":"Shaded","section":"Shading Mode"},"sceneLighting":false,"audioPlay":false,"sceneViewState":{"m_AlwaysRefresh":false,"showFog":true,"showSkybox":false,"showFlares":true,"showImageEffects":true,"showParticleSystems":true,"showVisualEffectGraphs":true,"m_FxEnabled":true},"in2DMode":false,"pivot":{"x":0.3548779785633087,"y":1.6571648120880128,"z":-0.06694194674491883},"rotation":{"x":-0.04903189465403557,"y":0.8828234672546387,"z":-0.09466810524463654,"w":-0.457565575838089},"size":0.47320520877838137,"orthographic":false}